user_id,product_id,event_type,timestamp
U035,P105,view,05-03-2025 11:38
U042,P110,add_to_cart,05-03-2025 06:30
U031,P108,add_to_cart,14-03-2025 09:50
U018,P104,view,06-03-2025 11:59
U017,P102,view,19-02-2025 19:35
U010,P105,view,25-02-2025 09:59
U018,P110,add_to_cart,19-03-2025 23:11
U005,P103,view,28-02-2025 02:52
U007,P108,add_to_cart,12-03-2025 20:29
U023,P104,view,19-02-2025 22:44
U031,P109,view,28-02-2025 22:38
U039,P109,add_to_cart,20-02-2025 07:12
U030,P109,view,14-03-2025 10:17
U025,P106,add_to_cart,11-03-2025 10:46
U005,P110,purchase,14-03-2025 06:22
U007,P105,purchase,18-03-2025 12:58
U021,P102,view,04-03-2025 09:52
U003,P102,view,18-03-2025 10:22
U022,P110,view,11-03-2025 16:35
U025,P107,add_to_cart,07-03-2025 23:53
U005,P102,view,21-03-2025 17:57
U030,P108,purchase,22-02-2025 08:45
U029,P102,view,22-02-2025 08:47
U037,P102,view,25-02-2025 22:28
U003,P108,add_to_cart,20-02-2025 03:45
U021,P104,add_to_cart,13-03-2025 05:26
U026,P103,purchase,16-03-2025 20:21
U029,P100,add_to_cart,27-02-2025 15:12
U020,P109,purchase,22-02-2025 03:23
U014,P110,view,18-03-2025 22:59
U040,P107,add_to_cart,15-03-2025 14:56
U008,P109,purchase,20-02-2025 02:20
U020,P103,view,04-03-2025 17:53
U007,P103,add_to_cart,26-02-2025 11:17
U008,P101,view,28-02-2025 14:28
U045,P109,purchase,19-02-2025 23:38
U020,P105,add_to_cart,22-03-2025 16:52
U033,P100,view,14-03-2025 21:14
U014,P100,purchase,02-03-2025 15:45
U005,P111,purchase,20-03-2025 04:01
U032,P109,add_to_cart,12-03-2025 23:44
U010,P100,view,16-03-2025 02:32
U024,P103,add_to_cart,25-02-2025 20:59
U034,P103,add_to_cart,12-03-2025 02:25
U037,P104,view,21-03-2025 18:28
U010,P107,view,05-03-2025 04:53
U027,P105,purchase,24-02-2025 21:00
U007,P102,view,23-02-2025 19:16
U019,P111,view,01-03-2025 07:09
U010,P110,view,06-03-2025 10:47
U044,P101,purchase,15-03-2025 00:43
U001,P103,purchase,11-03-2025 04:43
U048,P100,purchase,20-02-2025 01:03
U010,P110,add_to_cart,12-03-2025 07:50
U034,P102,view,02-03-2025 13:07
U008,P101,view,21-03-2025 13:49
U004,P108,purchase,16-03-2025 04:25
U006,P105,view,23-02-2025 03:38
U020,P101,view,20-03-2025 23:11
U034,P101,view,14-03-2025 08:27
U029,P109,view,25-02-2025 21:32
U050,P109,view,27-02-2025 04:28
U050,P106,view,25-02-2025 23:44
U031,P111,view,18-03-2025 18:53
U005,P110,add_to_cart,21-03-2025 08:57
U001,P110,add_to_cart,04-03-2025 09:19
U006,P106,view,08-03-2025 06:25
U011,P107,view,04-03-2025 21:56
U021,P101,add_to_cart,16-03-2025 04:22
U022,P104,view,02-03-2025 23:20
U023,P108,add_to_cart,19-03-2025 17:15
U014,P108,view,15-03-2025 08:03
U049,P105,view,22-03-2025 07:08
U002,P103,add_to_cart,22-03-2025 11:13
U032,P102,add_to_cart,22-03-2025 00:04
U026,P111,view,16-03-2025 18:01
U014,P105,view,16-03-2025 19:00
U019,P106,view,15-03-2025 13:08
U028,P100,add_to_cart,20-02-2025 08:41
U050,P100,view,20-03-2025 16:38
U009,P105,view,24-02-2025 13:13
U021,P105,view,19-02-2025 21:37
U001,P103,view,27-02-2025 05:11
U009,P101,add_to_cart,12-03-2025 23:47
U008,P102,view,02-03-2025 06:37
U045,P102,add_to_cart,15-03-2025 10:46
U007,P105,view,25-02-2025 14:20
U036,P108,view,09-03-2025 22:26
U013,P100,view,14-03-2025 02:02
U007,P108,view,15-03-2025 19:54
U002,P106,view,10-03-2025 11:46
U033,P103,view,07-03-2025 04:54
U029,P109,add_to_cart,14-03-2025 05:28
U036,P107,view,12-03-2025 17:28
U033,P110,view,22-02-2025 04:37
U004,P108,view,12-03-2025 18:26
U035,P108,add_to_cart,02-03-2025 18:56
U021,P109,add_to_cart,08-03-2025 22:05
U005,P111,view,27-02-2025 20:45
U035,P103,view,06-03-2025 14:22
U045,P103,view,26-02-2025 01:04
U041,P110,view,15-03-2025 02:58
U008,P103,purchase,22-02-2025 14:21
U022,P107,view,26-02-2025 21:39
U050,P107,view,10-03-2025 15:25
U008,P109,view,15-03-2025 06:08
U020,P100,purchase,01-03-2025 09:26
U008,P102,add_to_cart,18-03-2025 18:38
U046,P110,view,04-03-2025 19:18
U006,P108,view,22-02-2025 16:23
U046,P103,view,02-03-2025 01:42
U036,P102,view,21-03-2025 22:09
U038,P110,add_to_cart,21-02-2025 21:08
U046,P100,add_to_cart,07-03-2025 20:33
U020,P103,purchase,11-03-2025 17:21
U048,P104,view,13-03-2025 23:07
U036,P109,add_to_cart,09-03-2025 03:29
U044,P106,purchase,24-02-2025 00:18
U025,P105,view,13-03-2025 00:40
U037,P111,view,12-03-2025 11:03
U033,P110,view,17-03-2025 10:39
U017,P102,view,07-03-2025 01:02
U015,P102,view,19-03-2025 22:43
U036,P111,view,09-03-2025 10:48
U035,P111,view,28-02-2025 23:04
U029,P105,view,18-03-2025 02:57
U048,P107,view,28-02-2025 10:45
U008,P103,view,05-03-2025 07:52
U006,P110,add_to_cart,21-03-2025 06:40
U044,P106,purchase,02-03-2025 04:58
U036,P107,view,17-03-2025 22:54
U028,P109,view,16-03-2025 14:46
U010,P101,view,28-02-2025 10:28
U021,P100,view,22-02-2025 16:05
U030,P102,view,17-03-2025 12:26
U023,P111,add_to_cart,28-02-2025 20:41
U017,P108,add_to_cart,11-03-2025 14:51
U045,P106,view,11-03-2025 08:02
U014,P103,purchase,17-03-2025 02:29
U019,P109,add_to_cart,14-03-2025 05:30
U010,P111,view,04-03-2025 05:41
U049,P109,view,23-02-2025 22:54
U043,P103,view,22-03-2025 11:52
U048,P109,add_to_cart,04-03-2025 05:17
U038,P108,view,04-03-2025 15:58
U010,P101,view,21-02-2025 03:16
U027,P101,view,17-03-2025 11:14
U036,P103,purchase,15-03-2025 20:29
U026,P100,view,14-03-2025 06:16
U041,P104,add_to_cart,17-03-2025 18:14
U036,P107,view,18-03-2025 16:46
U045,P101,add_to_cart,27-02-2025 09:09
U013,P105,add_to_cart,15-03-2025 09:30
U035,P106,add_to_cart,27-02-2025 10:21
U002,P109,purchase,22-02-2025 10:49
U030,P105,purchase,22-02-2025 01:12
U030,P102,add_to_cart,25-02-2025 04:17
U033,P106,view,01-03-2025 12:08
U030,P103,purchase,01-03-2025 19:43
U031,P103,add_to_cart,22-02-2025 18:51
U014,P102,purchase,04-03-2025 13:44
U043,P111,view,13-03-2025 05:05
U002,P102,add_to_cart,02-03-2025 23:02
U016,P104,add_to_cart,07-03-2025 21:49
U021,P103,purchase,22-02-2025 19:50
U035,P106,purchase,28-02-2025 15:32
U039,P103,add_to_cart,12-03-2025 09:38
U017,P110,view,22-02-2025 15:17
U004,P103,add_to_cart,23-02-2025 17:34
U018,P111,purchase,10-03-2025 05:48
U050,P104,add_to_cart,09-03-2025 17:54
U035,P104,purchase,14-03-2025 01:48
U010,P105,add_to_cart,13-03-2025 22:54
U009,P107,view,12-03-2025 19:15
U016,P105,add_to_cart,14-03-2025 04:25
U023,P105,purchase,09-03-2025 08:31
U009,P109,add_to_cart,16-03-2025 20:56
U040,P100,view,20-02-2025 11:16
U026,P111,view,24-02-2025 10:14
U006,P106,view,10-03-2025 08:34
U042,P101,add_to_cart,28-02-2025 13:48
U044,P104,view,21-03-2025 00:23
U028,P107,purchase,20-03-2025 14:56
U025,P105,view,27-02-2025 07:44
U031,P101,purchase,05-03-2025 16:47
U045,P106,view,25-02-2025 10:40
U042,P107,add_to_cart,08-03-2025 12:46
U018,P100,view,22-03-2025 01:25
U031,P108,view,22-02-2025 21:59
U036,P111,purchase,06-03-2025 21:17
U028,P100,view,27-02-2025 21:44
U046,P102,purchase,08-03-2025 05:45
U002,P102,purchase,28-02-2025 03:53
U018,P109,add_to_cart,20-02-2025 19:12
U022,P109,view,02-03-2025 03:55
U007,P100,add_to_cart,08-03-2025 23:50
U026,P111,view,14-03-2025 13:47
U016,P104,view,25-02-2025 07:12
U033,P109,view,21-03-2025 19:26
U025,P108,add_to_cart,08-03-2025 09:17
U027,P109,add_to_cart,24-02-2025 08:12
U019,P103,view,08-03-2025 15:57
U013,P109,view,19-03-2025 02:02
U018,P103,view,06-03-2025 06:55
U038,P111,view,20-02-2025 00:08
U010,P110,view,25-02-2025 08:50
U027,P106,view,24-02-2025 18:55
U010,P109,view,16-03-2025 10:38
U046,P100,view,02-03-2025 12:49
U003,P108,view,01-03-2025 16:51
U026,P106,add_to_cart,19-02-2025 19:47
U005,P100,view,20-03-2025 08:55
U015,P104,view,22-03-2025 17:38
U046,P108,purchase,16-03-2025 18:37
U032,P100,add_to_cart,11-03-2025 05:38
U047,P105,view,10-03-2025 04:47
U019,P106,view,12-03-2025 02:41
U011,P109,view,02-03-2025 16:18
U037,P100,view,20-03-2025 07:18
U013,P103,view,14-03-2025 04:09
U008,P105,add_to_cart,07-03-2025 23:21
U037,P102,view,15-03-2025 08:47
U024,P111,add_to_cart,08-03-2025 06:12
U028,P101,view,06-03-2025 21:16
U050,P100,purchase,02-03-2025 04:01
U013,P107,view,14-03-2025 15:44
U003,P106,add_to_cart,06-03-2025 16:06
U046,P111,add_to_cart,01-03-2025 12:07
U036,P111,add_to_cart,25-02-2025 18:44
U046,P103,view,01-03-2025 19:43
U022,P100,view,20-03-2025 05:35
U039,P111,view,14-03-2025 09:25
U033,P109,add_to_cart,22-02-2025 05:15
U047,P104,view,13-03-2025 21:01
U036,P107,view,03-03-2025 19:41
U008,P102,add_to_cart,24-02-2025 18:11
U011,P110,view,22-03-2025 09:12
U016,P102,view,18-03-2025 07:41
U047,P102,view,20-03-2025 04:32
U045,P105,purchase,04-03-2025 00:06
U030,P106,purchase,07-03-2025 02:06
U004,P111,view,18-03-2025 21:34
U023,P106,purchase,09-03-2025 18:32
U039,P102,add_to_cart,19-03-2025 15:52
U046,P100,view,13-03-2025 03:02
U022,P103,view,22-03-2025 03:38
U040,P110,view,17-03-2025 06:30
U024,P105,view,11-03-2025 23:24
U006,P106,view,02-03-2025 16:18
U047,P103,view,01-03-2025 19:50
U029,P110,purchase,01-03-2025 07:24
U048,P108,add_to_cart,02-03-2025 00:09
U006,P107,view,11-03-2025 20:29
U005,P105,view,20-03-2025 14:34
U030,P111,add_to_cart,21-03-2025 11:34
U007,P111,purchase,18-03-2025 08:55
U048,P111,view,07-03-2025 13:17
U037,P106,add_to_cart,02-03-2025 12:47
U025,P108,add_to_cart,28-02-2025 05:41
U009,P100,purchase,13-03-2025 01:43
U034,P100,view,01-03-2025 04:53
U001,P107,purchase,20-03-2025 03:00
U014,P110,add_to_cart,03-03-2025 04:17
U040,P108,add_to_cart,20-02-2025 16:32
U016,P109,view,06-03-2025 18:36
U026,P106,view,09-03-2025 19:56
U038,P102,view,11-03-2025 20:10
U023,P104,view,22-03-2025 13:08
U003,P103,view,07-03-2025 04:05
U050,P108,purchase,20-03-2025 21:05
U032,P101,purchase,22-03-2025 02:21
U020,P100,view,08-03-2025 12:15
U030,P101,add_to_cart,09-03-2025 06:41
U038,P110,add_to_cart,02-03-2025 20:49
U046,P106,view,26-02-2025 02:23
U048,P104,view,05-03-2025 18:16
U040,P104,view,27-02-2025 07:03
U042,P108,view,15-03-2025 01:32
U016,P106,view,26-02-2025 08:23
U002,P109,add_to_cart,08-03-2025 21:53
U047,P108,add_to_cart,17-03-2025 07:01
U011,P109,view,07-03-2025 17:53
U038,P106,view,06-03-2025 22:57
U036,P111,view,09-03-2025 17:59
U003,P100,add_to_cart,01-03-2025 10:34
U014,P106,add_to_cart,28-02-2025 11:03
U041,P109,view,09-03-2025 03:15
U017,P107,view,12-03-2025 20:56
U022,P107,add_to_cart,10-03-2025 17:35
U031,P104,purchase,14-03-2025 20:21
U015,P105,view,07-03-2025 13:29
U038,P105,view,02-03-2025 15:30
U014,P107,view,23-02-2025 08:07
U008,P111,view,16-03-2025 23:41
U026,P106,view,08-03-2025 12:21
U003,P108,view,23-02-2025 04:48
U044,P109,view,20-03-2025 08:50
U048,P105,add_to_cart,21-02-2025 19:45
U013,P111,view,19-03-2025 06:06
U046,P107,view,02-03-2025 03:25
U015,P109,view,10-03-2025 06:07
U034,P100,view,10-03-2025 13:25
U015,P107,add_to_cart,25-02-2025 05:15
U008,P102,view,26-02-2025 04:50
U048,P109,add_to_cart,03-03-2025 01:13
U031,P108,add_to_cart,21-03-2025 20:01
U003,P108,add_to_cart,25-02-2025 11:23
U020,P105,view,04-03-2025 21:50
U034,P101,add_to_cart,03-03-2025 03:34
U023,P110,view,17-03-2025 23:40
U040,P103,view,24-02-2025 02:35
U005,P106,add_to_cart,21-02-2025 07:42
U050,P103,view,19-02-2025 23:49
U029,P101,view,21-03-2025 09:26
U014,P106,view,08-03-2025 18:41
U015,P105,add_to_cart,21-02-2025 03:30
U043,P102,view,22-03-2025 15:23
U007,P103,view,14-03-2025 19:39
U034,P104,view,28-02-2025 12:35
U004,P104,view,15-03-2025 09:43
U007,P100,view,07-03-2025 12:41
U026,P108,add_to_cart,12-03-2025 19:33
U030,P101,purchase,04-03-2025 00:57
U014,P101,view,20-02-2025 11:24
U009,P105,view,23-02-2025 19:29
U005,P105,add_to_cart,22-03-2025 19:09
U014,P106,add_to_cart,07-03-2025 14:44
U031,P100,view,24-02-2025 04:31
U004,P110,view,20-03-2025 13:35
U016,P109,add_to_cart,12-03-2025 02:19
U022,P110,view,14-03-2025 07:42
U022,P104,add_to_cart,22-03-2025 14:00
U005,P100,purchase,05-03-2025 01:24
U014,P100,add_to_cart,24-02-2025 16:03
U011,P105,add_to_cart,21-03-2025 14:24
U023,P103,add_to_cart,27-02-2025 23:24
U012,P101,view,14-03-2025 12:08
U021,P104,view,12-03-2025 07:54
U004,P107,view,10-03-2025 04:40
U024,P108,view,10-03-2025 16:42
U020,P101,purchase,07-03-2025 19:01
U029,P100,add_to_cart,27-02-2025 14:12
U038,P102,add_to_cart,09-03-2025 17:22
U026,P107,view,22-03-2025 12:08
U024,P100,add_to_cart,09-03-2025 22:48
U015,P106,view,09-03-2025 13:14
U008,P104,add_to_cart,18-03-2025 23:32
U014,P106,view,21-03-2025 09:41
U049,P107,view,12-03-2025 00:31
U022,P105,view,26-02-2025 13:35
U026,P104,add_to_cart,08-03-2025 18:38
U042,P110,view,13-03-2025 12:40
U038,P110,purchase,21-02-2025 04:57
U003,P102,view,02-03-2025 18:43
U008,P102,view,23-02-2025 02:45
U017,P102,view,15-03-2025 05:04
U025,P107,view,21-02-2025 17:13
U016,P111,add_to_cart,20-03-2025 03:24
U018,P105,view,06-03-2025 07:35
U014,P104,view,25-02-2025 11:25
U046,P110,view,02-03-2025 09:18
U020,P108,view,17-03-2025 13:53
U026,P105,view,23-02-2025 07:43
U046,P100,view,20-02-2025 10:32
U032,P108,view,06-03-2025 13:23
U026,P108,view,19-02-2025 21:57
U034,P100,add_to_cart,14-03-2025 23:22
U048,P104,view,02-03-2025 01:50
U020,P107,view,05-03-2025 16:16
U045,P104,add_to_cart,21-02-2025 09:03
U041,P106,add_to_cart,13-03-2025 21:06
U029,P111,purchase,11-03-2025 17:24
U031,P101,view,20-02-2025 02:41
U019,P109,view,18-03-2025 19:08
U033,P111,add_to_cart,01-03-2025 05:50
U019,P105,view,19-03-2025 09:38
U040,P104,add_to_cart,05-03-2025 16:02
U039,P105,view,03-03-2025 19:40
U031,P111,view,23-02-2025 16:10
U034,P101,add_to_cart,21-03-2025 11:37
U050,P101,view,07-03-2025 16:53
U027,P103,view,06-03-2025 09:00
U021,P107,view,28-02-2025 20:13
U018,P111,view,22-02-2025 03:16
U028,P107,view,08-03-2025 09:24
U036,P100,add_to_cart,22-02-2025 22:34
U011,P106,view,14-03-2025 13:57
U017,P103,view,03-03-2025 12:39
U040,P109,view,10-03-2025 21:34
U028,P104,purchase,03-03-2025 13:11
U014,P105,purchase,12-03-2025 09:29
U037,P107,add_to_cart,02-03-2025 14:49
U035,P101,purchase,21-02-2025 18:54
U008,P103,add_to_cart,10-03-2025 16:32
U031,P104,view,20-03-2025 05:44
U005,P109,view,21-03-2025 18:59
U010,P109,view,15-03-2025 03:56
U036,P101,purchase,01-03-2025 00:56
U006,P104,view,09-03-2025 18:22
U011,P102,view,26-02-2025 08:59
U025,P107,purchase,08-03-2025 15:34
U009,P106,add_to_cart,24-02-2025 05:45
U009,P107,view,09-03-2025 10:24
U007,P101,add_to_cart,20-03-2025 16:40
U009,P109,view,09-03-2025 05:57
U018,P104,add_to_cart,27-02-2025 05:29
U023,P109,view,21-03-2025 15:08
U025,P110,view,25-02-2025 14:20
U031,P107,purchase,10-03-2025 15:15
U039,P101,view,05-03-2025 22:23
U047,P104,purchase,25-02-2025 00:58
U049,P108,view,15-03-2025 03:33
U009,P109,view,20-02-2025 08:07
U047,P102,view,24-02-2025 20:35
U050,P111,view,25-02-2025 18:14
U013,P111,purchase,12-03-2025 11:33
U032,P110,add_to_cart,24-02-2025 15:22
U028,P106,add_to_cart,16-03-2025 18:40
U004,P105,view,13-03-2025 13:42
U015,P106,view,01-03-2025 22:44
U008,P101,view,26-02-2025 17:06
U032,P108,view,24-02-2025 01:34
U013,P104,add_to_cart,13-03-2025 23:36
U009,P108,purchase,16-03-2025 10:14
U024,P102,view,02-03-2025 23:26
U019,P105,view,03-03-2025 07:54
U050,P100,purchase,02-03-2025 08:07
U046,P103,add_to_cart,05-03-2025 00:05
U010,P100,view,18-03-2025 09:36
U013,P107,view,19-03-2025 13:38
U025,P106,add_to_cart,26-02-2025 07:51
U017,P104,purchase,17-03-2025 07:13
U012,P107,add_to_cart,14-03-2025 23:54
U018,P103,view,23-02-2025 01:24
U004,P105,view,14-03-2025 06:12
U040,P106,view,21-03-2025 01:27
U015,P105,add_to_cart,22-03-2025 15:43
U007,P107,purchase,10-03-2025 20:09
U046,P105,add_to_cart,18-03-2025 12:27
U015,P104,view,05-03-2025 07:39
U016,P109,view,25-02-2025 00:29
U036,P111,purchase,27-02-2025 11:34
U014,P107,view,17-03-2025 23:29
U001,P104,view,18-03-2025 18:13
U012,P101,view,26-02-2025 17:15
U042,P100,add_to_cart,21-02-2025 09:09
U030,P107,add_to_cart,02-03-2025 06:51
U026,P104,view,12-03-2025 16:58
U010,P110,view,19-03-2025 07:06
U041,P104,add_to_cart,25-02-2025 22:02
U025,P111,view,17-03-2025 15:56
U039,P101,view,18-03-2025 03:56
U002,P101,view,26-02-2025 19:48
U020,P105,add_to_cart,18-03-2025 14:46
U020,P102,view,27-02-2025 09:31
U033,P100,add_to_cart,01-03-2025 23:02
U027,P100,view,13-03-2025 02:42
U050,P109,add_to_cart,27-02-2025 06:03
U030,P107,add_to_cart,18-03-2025 14:44
U011,P111,view,14-03-2025 02:33
U042,P105,view,07-03-2025 13:52
U041,P111,add_to_cart,09-03-2025 04:39
U049,P101,add_to_cart,20-03-2025 00:03
U043,P105,add_to_cart,02-03-2025 20:00
U046,P106,view,15-03-2025 17:59
U034,P104,view,20-03-2025 22:28
U046,P107,view,17-03-2025 09:15
U013,P104,add_to_cart,19-03-2025 05:51
U031,P104,view,03-03-2025 05:40
U017,P109,view,01-03-2025 05:43
U043,P101,add_to_cart,25-02-2025 04:48
U011,P108,add_to_cart,07-03-2025 16:25
U012,P104,add_to_cart,03-03-2025 13:07
U009,P109,add_to_cart,20-03-2025 01:18
U046,P102,view,27-02-2025 12:53
U039,P106,view,22-02-2025 00:30
U034,P103,view,07-03-2025 03:36
U011,P109,add_to_cart,07-03-2025 12:46
U012,P101,view,23-02-2025 12:58
U050,P102,view,02-03-2025 03:04
U031,P105,view,23-02-2025 16:13
U025,P110,purchase,17-03-2025 20:09
U011,P101,view,19-03-2025 05:24
U044,P101,view,19-03-2025 06:12
U024,P106,view,21-02-2025 04:43
U039,P110,view,15-03-2025 16:06
U019,P100,add_to_cart,19-03-2025 17:53
U046,P105,view,19-03-2025 19:04
U013,P109,view,03-03-2025 10:55
U045,P107,view,06-03-2025 20:46
U031,P110,view,09-03-2025 02:20
U002,P100,view,21-02-2025 08:41
U015,P103,view,14-03-2025 06:11
U009,P100,view,07-03-2025 06:10
U001,P107,view,21-03-2025 11:25
U026,P111,view,20-02-2025 00:04
U012,P104,view,21-02-2025 22:37
U044,P107,view,01-03-2025 14:44
U045,P110,add_to_cart,17-03-2025 08:39
U036,P103,view,04-03-2025 04:10
U036,P104,view,25-02-2025 11:44
U008,P106,view,11-03-2025 02:40
U021,P101,purchase,06-03-2025 10:28
U030,P101,view,02-03-2025 07:18
U024,P100,view,05-03-2025 20:03
U028,P105,view,24-02-2025 08:31
U018,P111,purchase,04-03-2025 06:26
U008,P110,view,23-02-2025 20:22
U044,P102,add_to_cart,07-03-2025 03:56
U046,P103,view,05-03-2025 15:21
U027,P107,purchase,05-03-2025 06:29
U030,P106,view,07-03-2025 04:04
U010,P100,view,17-03-2025 21:19
U043,P109,purchase,15-03-2025 11:55
U050,P109,purchase,13-03-2025 16:29
U017,P100,view,22-03-2025 19:07
U004,P104,view,21-02-2025 20:12
U037,P111,view,21-02-2025 16:32
U035,P110,view,16-03-2025 01:01
U027,P100,view,20-03-2025 01:32
U030,P107,view,28-02-2025 14:03
U034,P103,view,28-02-2025 20:32
U026,P107,view,05-03-2025 15:49
U021,P101,view,07-03-2025 13:06
U038,P108,view,18-03-2025 11:53
U027,P108,view,16-03-2025 03:04
U022,P110,view,19-02-2025 19:22
U025,P108,view,02-03-2025 06:18
U027,P101,purchase,19-03-2025 08:15
U040,P106,view,24-02-2025 09:34
U045,P102,view,17-03-2025 13:06
U023,P100,add_to_cart,20-02-2025 03:06
U034,P108,view,03-03-2025 09:48
U031,P103,add_to_cart,28-02-2025 19:41
U020,P106,view,24-02-2025 16:14
U046,P109,add_to_cart,05-03-2025 21:39
U013,P103,add_to_cart,21-02-2025 17:33
U035,P104,view,13-03-2025 08:37
U018,P106,view,08-03-2025 16:57
U048,P108,view,05-03-2025 22:14
U026,P111,view,08-03-2025 15:52
U042,P102,view,08-03-2025 03:02
U017,P108,purchase,10-03-2025 04:24
U047,P110,add_to_cart,10-03-2025 17:34
U035,P107,view,05-03-2025 04:12
U029,P109,view,17-03-2025 06:13
U008,P107,add_to_cart,27-02-2025 03:47
U043,P106,purchase,15-03-2025 16:46
U004,P106,add_to_cart,05-03-2025 06:08
U005,P102,purchase,27-02-2025 17:41
U011,P105,purchase,19-02-2025 23:32
U007,P107,purchase,16-03-2025 19:25
U023,P106,view,18-03-2025 04:13
U024,P100,purchase,25-02-2025 08:43
U002,P102,add_to_cart,17-03-2025 16:47
U015,P110,view,19-03-2025 05:53
U013,P104,purchase,19-03-2025 12:17
U037,P111,add_to_cart,02-03-2025 04:00
U009,P104,view,18-03-2025 15:02
U039,P110,view,24-02-2025 10:12
U022,P103,view,16-03-2025 03:11
U047,P109,view,20-03-2025 16:22
U024,P110,purchase,03-03-2025 06:55
U021,P101,view,06-03-2025 06:06
U048,P106,view,03-03-2025 21:28
U008,P105,add_to_cart,08-03-2025 14:30
U012,P103,purchase,05-03-2025 15:07
U041,P105,purchase,09-03-2025 08:42
U005,P108,view,17-03-2025 11:59
U034,P108,add_to_cart,19-03-2025 08:41
U040,P107,view,03-03-2025 01:29
U007,P106,purchase,11-03-2025 19:33
U036,P100,view,15-03-2025 03:59
U041,P104,view,11-03-2025 09:33
U016,P107,view,10-03-2025 10:36
U019,P106,add_to_cart,21-02-2025 09:49
U013,P106,view,02-03-2025 09:38
U009,P107,view,24-02-2025 03:59
U037,P102,add_to_cart,25-02-2025 22:02
U024,P102,view,26-02-2025 11:07
U001,P110,view,28-02-2025 15:15
U020,P111,view,24-02-2025 07:42
U009,P102,view,10-03-2025 03:17
U011,P111,add_to_cart,15-03-2025 04:17
U050,P109,add_to_cart,22-02-2025 18:11
U047,P111,view,08-03-2025 02:25
U020,P106,view,08-03-2025 13:34
U039,P107,add_to_cart,22-03-2025 01:51
U029,P101,view,21-03-2025 14:33
U039,P101,view,20-02-2025 20:28
U006,P107,purchase,28-02-2025 21:06
U045,P102,view,07-03-2025 16:03
U040,P103,purchase,14-03-2025 03:23
U049,P101,view,04-03-2025 05:06
U015,P107,view,01-03-2025 13:32
U030,P102,view,27-02-2025 05:18
U005,P109,add_to_cart,27-02-2025 02:20
U043,P106,view,22-02-2025 02:35
U016,P103,view,14-03-2025 20:25
U012,P102,view,21-02-2025 19:19
U006,P102,purchase,02-03-2025 22:32
U035,P104,view,28-02-2025 08:02
U015,P111,view,02-03-2025 18:55
U026,P107,view,17-03-2025 19:00
U047,P107,view,04-03-2025 08:00
U015,P101,view,23-02-2025 17:07
U035,P104,add_to_cart,20-03-2025 09:38
U030,P108,view,27-02-2025 14:59
U002,P100,add_to_cart,23-02-2025 23:15
U016,P103,view,28-02-2025 15:13
U050,P109,view,10-03-2025 02:11
U050,P108,add_to_cart,20-02-2025 11:23
U045,P102,view,08-03-2025 08:57
U040,P104,view,13-03-2025 06:06
U013,P110,purchase,11-03-2025 13:15
U050,P102,purchase,14-03-2025 21:41
U026,P100,add_to_cart,07-03-2025 12:36
U046,P105,add_to_cart,11-03-2025 23:21
U047,P109,view,11-03-2025 19:59
U026,P111,purchase,23-02-2025 21:42
U032,P107,view,16-03-2025 03:09
U003,P106,add_to_cart,17-03-2025 12:06
U030,P107,view,22-03-2025 10:36
U042,P111,add_to_cart,28-02-2025 07:51
U014,P111,view,14-03-2025 05:17
U034,P105,purchase,02-03-2025 16:27
U007,P110,view,13-03-2025 08:17
U044,P111,view,27-02-2025 12:08
U035,P100,view,20-02-2025 11:13
U047,P108,view,18-03-2025 16:58
U006,P110,add_to_cart,25-02-2025 19:15
U040,P103,add_to_cart,04-03-2025 11:49
U031,P105,add_to_cart,27-02-2025 13:53
U008,P107,add_to_cart,03-03-2025 16:22
U007,P104,view,14-03-2025 01:24
U021,P109,view,23-02-2025 13:30
U012,P105,view,02-03-2025 21:27
U040,P102,view,03-03-2025 11:26
U025,P103,view,22-02-2025 17:44
U045,P102,view,09-03-2025 20:49
U046,P111,view,09-03-2025 08:38
U026,P100,view,21-03-2025 06:17
U049,P108,add_to_cart,20-03-2025 06:22
U006,P107,view,23-02-2025 01:52
U044,P105,view,06-03-2025 12:12
U041,P101,add_to_cart,13-03-2025 03:37
U006,P110,view,17-03-2025 06:33
U025,P107,add_to_cart,19-03-2025 00:46
U024,P111,view,17-03-2025 12:58
U038,P106,view,16-03-2025 21:35
U010,P110,purchase,22-02-2025 06:55
U014,P110,view,17-03-2025 04:38
U005,P104,view,20-02-2025 21:56
U017,P100,view,24-02-2025 08:30
U026,P111,view,25-02-2025 08:57
U031,P108,view,20-03-2025 14:58
U045,P104,view,25-02-2025 07:46
U049,P105,view,06-03-2025 14:44
U037,P111,add_to_cart,19-03-2025 09:56
U031,P100,view,14-03-2025 21:24
U024,P103,view,18-03-2025 19:36
U034,P111,add_to_cart,03-03-2025 17:27
U030,P108,purchase,03-03-2025 09:01
U030,P106,view,24-02-2025 05:05
U029,P100,purchase,22-02-2025 02:41
U033,P106,add_to_cart,07-03-2025 08:00
U044,P104,view,14-03-2025 20:41
U015,P108,view,13-03-2025 18:26
U033,P106,purchase,23-02-2025 07:39
U027,P103,add_to_cart,10-03-2025 20:10
U045,P107,view,22-02-2025 03:33
U029,P102,view,13-03-2025 19:07
U029,P105,add_to_cart,10-03-2025 21:55
U002,P110,add_to_cart,11-03-2025 09:57
U046,P106,purchase,26-02-2025 22:04
U025,P102,purchase,16-03-2025 10:30
U026,P109,add_to_cart,19-02-2025 22:26
U021,P110,add_to_cart,12-03-2025 08:42
U050,P109,add_to_cart,07-03-2025 00:48
U043,P103,view,22-02-2025 14:57
U029,P105,add_to_cart,27-02-2025 03:45
U003,P106,view,02-03-2025 18:55
U001,P101,view,25-02-2025 13:20
U007,P106,view,19-03-2025 17:53
U047,P104,purchase,02-03-2025 05:33
U042,P105,view,03-03-2025 02:18
U006,P104,view,26-02-2025 19:17
U003,P110,view,01-03-2025 18:42
U020,P100,view,03-03-2025 16:35
U045,P106,view,12-03-2025 15:05
U043,P104,add_to_cart,22-02-2025 14:44
U014,P102,view,23-02-2025 03:03
U014,P107,add_to_cart,01-03-2025 01:38
U046,P111,purchase,26-02-2025 16:18
U007,P100,view,09-03-2025 11:42
U018,P100,purchase,04-03-2025 01:15
U049,P111,view,22-03-2025 10:03
U023,P110,purchase,05-03-2025 06:34
U043,P109,view,26-02-2025 04:50
U012,P107,view,09-03-2025 16:31
U021,P111,view,13-03-2025 09:47
U022,P106,view,23-02-2025 14:09
U020,P110,purchase,23-02-2025 14:00
U037,P102,view,11-03-2025 07:49
U033,P109,view,13-03-2025 20:26
U046,P102,add_to_cart,05-03-2025 02:25
U016,P106,view,09-03-2025 00:49
U016,P102,purchase,21-03-2025 10:08
U043,P111,view,16-03-2025 03:10
U019,P101,view,02-03-2025 18:56
U012,P110,view,25-02-2025 20:02
U026,P110,purchase,07-03-2025 22:41
U005,P100,purchase,25-02-2025 03:41
U011,P111,view,28-02-2025 00:16
U003,P105,view,25-02-2025 04:33
U027,P100,view,14-03-2025 21:26
U022,P104,view,18-03-2025 10:40
U028,P111,purchase,08-03-2025 05:51
U031,P104,view,15-03-2025 19:36
U012,P108,add_to_cart,07-03-2025 02:10
U008,P100,view,20-03-2025 18:02
U047,P106,purchase,13-03-2025 09:30
U012,P105,view,20-02-2025 17:30
U030,P106,view,11-03-2025 22:51
U024,P109,purchase,23-02-2025 05:11
U006,P108,view,09-03-2025 23:45
U040,P108,view,06-03-2025 11:40
U037,P104,view,10-03-2025 20:53
U040,P104,view,27-02-2025 15:06
U015,P109,view,20-03-2025 01:12
U048,P105,view,22-02-2025 13:44
U008,P108,add_to_cart,03-03-2025 15:34
U034,P100,view,09-03-2025 05:36
U049,P109,view,03-03-2025 04:46
U015,P106,purchase,17-03-2025 18:02
U031,P105,add_to_cart,08-03-2025 08:37
U027,P108,view,08-03-2025 22:02
U002,P109,add_to_cart,09-03-2025 22:10
U010,P104,view,09-03-2025 03:28
U019,P109,view,03-03-2025 23:32
U044,P109,add_to_cart,05-03-2025 23:04
U040,P104,add_to_cart,16-03-2025 08:47
U015,P100,add_to_cart,19-03-2025 21:12
U016,P106,view,24-02-2025 19:10
U015,P102,add_to_cart,19-03-2025 03:00
U047,P107,add_to_cart,23-02-2025 12:35
U002,P107,add_to_cart,02-03-2025 04:15
U005,P106,purchase,05-03-2025 17:43
U042,P101,add_to_cart,03-03-2025 08:30
U023,P100,view,09-03-2025 08:00
U008,P105,view,22-03-2025 02:45
U008,P106,view,25-02-2025 19:39
U022,P100,view,03-03-2025 14:52
U004,P109,view,22-03-2025 10:41
U026,P107,purchase,15-03-2025 02:35
U047,P106,add_to_cart,26-02-2025 02:06
U002,P108,view,06-03-2025 01:06
U025,P110,add_to_cart,25-02-2025 14:28
U029,P111,view,01-03-2025 05:17
U003,P111,view,14-03-2025 03:38
U040,P108,view,05-03-2025 13:50
U003,P110,add_to_cart,27-02-2025 07:11
U028,P101,purchase,17-03-2025 14:41
U035,P102,view,16-03-2025 12:20
U028,P111,purchase,03-03-2025 11:05
U005,P105,view,22-02-2025 18:44
U050,P105,view,06-03-2025 01:58
U041,P102,view,21-02-2025 18:09
U008,P108,purchase,24-02-2025 15:00
U036,P100,view,09-03-2025 02:26
U041,P111,view,06-03-2025 02:28
U010,P100,view,24-02-2025 01:52
U028,P106,view,20-02-2025 08:42
U049,P101,view,02-03-2025 06:25
U039,P108,purchase,24-02-2025 20:49
U036,P105,add_to_cart,11-03-2025 05:20
U019,P111,view,14-03-2025 21:34
U006,P103,add_to_cart,06-03-2025 13:36
U017,P110,purchase,08-03-2025 06:16
U007,P107,add_to_cart,03-03-2025 05:25
U040,P110,view,11-03-2025 23:51
U016,P105,view,22-02-2025 19:40
U047,P109,add_to_cart,05-03-2025 06:59
U009,P100,purchase,19-02-2025 19:42
U040,P100,view,21-02-2025 12:47
U040,P103,view,18-03-2025 22:57
U031,P102,view,18-03-2025 15:42
U019,P110,view,28-02-2025 04:53
U006,P102,view,24-02-2025 17:21
U005,P101,purchase,01-03-2025 18:47
U023,P110,view,21-03-2025 12:01
U007,P103,add_to_cart,06-03-2025 17:36
U015,P106,purchase,08-03-2025 15:38
U007,P103,view,09-03-2025 19:18
U012,P101,add_to_cart,16-03-2025 12:35
U005,P108,view,08-03-2025 08:40
U049,P104,view,06-03-2025 22:30
U036,P106,view,25-02-2025 11:00
U033,P105,purchase,21-03-2025 22:40
U022,P108,purchase,06-03-2025 16:15
U001,P111,add_to_cart,09-03-2025 18:52
U006,P102,view,20-03-2025 03:52
U006,P100,view,19-03-2025 09:38
U033,P101,add_to_cart,08-03-2025 04:39
U024,P108,view,20-02-2025 08:31
U024,P107,purchase,19-03-2025 18:52
U023,P111,view,23-02-2025 19:22
U044,P108,view,08-03-2025 20:13
U006,P106,view,12-03-2025 23:02
U047,P104,add_to_cart,24-02-2025 07:40
U030,P105,purchase,22-03-2025 10:59
U029,P108,view,21-02-2025 04:11
U014,P104,add_to_cart,19-03-2025 21:22
U034,P103,view,02-03-2025 09:09
U043,P100,add_to_cart,12-03-2025 05:40
U016,P109,view,20-02-2025 22:12
U046,P105,view,16-03-2025 13:44
U031,P108,purchase,10-03-2025 10:04
U001,P102,add_to_cart,11-03-2025 04:21
U041,P108,view,11-03-2025 09:23
U003,P103,purchase,16-03-2025 01:09
U009,P111,view,26-02-2025 03:31
U013,P104,add_to_cart,14-03-2025 09:55
U002,P101,purchase,21-03-2025 21:48
U017,P108,purchase,10-03-2025 16:43
U029,P101,view,21-02-2025 13:32
U009,P105,view,27-02-2025 22:22
U044,P111,view,04-03-2025 10:29
U032,P101,add_to_cart,01-03-2025 12:29
U005,P107,view,23-02-2025 14:51
U022,P109,purchase,22-02-2025 13:48
U033,P100,purchase,01-03-2025 12:44
U019,P109,view,15-03-2025 17:08
U015,P100,view,21-02-2025 10:54
U001,P100,view,08-03-2025 17:17
U045,P101,view,14-03-2025 23:18
U034,P108,view,24-02-2025 05:56
U028,P111,view,20-03-2025 09:37
U042,P102,add_to_cart,21-03-2025 01:47
U024,P107,view,17-03-2025 21:16
U007,P100,view,01-03-2025 12:55
U017,P104,view,13-03-2025 23:02
U045,P108,view,17-03-2025 06:54
U030,P108,add_to_cart,06-03-2025 09:53
U037,P104,add_to_cart,23-02-2025 10:13
U013,P104,add_to_cart,11-03-2025 16:08
U024,P110,view,04-03-2025 07:38
U048,P105,view,19-03-2025 06:39
U031,P110,view,25-02-2025 04:00
U021,P103,view,21-02-2025 05:08
U014,P102,purchase,01-03-2025 16:55
U005,P100,view,24-02-2025 00:27
U047,P109,view,28-02-2025 02:46
U014,P105,add_to_cart,18-03-2025 18:44
U005,P101,view,03-03-2025 20:47
U015,P103,view,07-03-2025 13:34
U038,P101,view,07-03-2025 16:05
U038,P104,view,22-03-2025 08:18
U024,P106,add_to_cart,11-03-2025 04:42
U015,P109,add_to_cart,11-03-2025 14:59
U013,P111,view,07-03-2025 00:20
U037,P104,add_to_cart,23-02-2025 06:30
U035,P109,add_to_cart,17-03-2025 17:35
U009,P101,add_to_cart,21-02-2025 21:42
U019,P100,view,06-03-2025 23:33
U049,P102,view,16-03-2025 22:14
U047,P104,add_to_cart,17-03-2025 03:08
U018,P106,view,10-03-2025 05:19
U044,P106,view,10-03-2025 01:39
U040,P103,view,07-03-2025 17:45
U031,P107,view,17-03-2025 20:03
U008,P104,view,01-03-2025 10:56
U036,P105,view,19-02-2025 21:06
U027,P103,purchase,17-03-2025 00:01
U048,P111,purchase,15-03-2025 09:03
U014,P106,add_to_cart,07-03-2025 00:43
U008,P103,purchase,26-02-2025 19:57
U017,P105,view,19-02-2025 21:50
U005,P111,purchase,21-03-2025 13:53
U009,P109,view,04-03-2025 04:32
U025,P108,view,20-02-2025 13:33
U030,P100,view,22-02-2025 10:16
U007,P106,purchase,21-03-2025 04:47
U001,P110,add_to_cart,01-03-2025 04:14
U047,P111,purchase,17-03-2025 17:55
U035,P103,view,04-03-2025 17:47
U015,P100,view,25-02-2025 11:08
U024,P105,view,25-02-2025 15:12
U016,P107,purchase,07-03-2025 05:45
U036,P111,purchase,06-03-2025 00:24
U029,P105,view,26-02-2025 23:56
U012,P107,view,23-02-2025 15:56
U032,P110,view,25-02-2025 07:26
U019,P108,purchase,08-03-2025 05:07
U003,P104,view,15-03-2025 11:05
U033,P102,view,21-03-2025 17:42
U025,P101,view,27-02-2025 12:38
U011,P109,add_to_cart,16-03-2025 08:49
U040,P108,purchase,07-03-2025 20:33
U039,P100,view,15-03-2025 16:19
U007,P102,purchase,09-03-2025 13:28
U034,P110,view,14-03-2025 13:44
U033,P111,add_to_cart,04-03-2025 13:10
U006,P108,add_to_cart,08-03-2025 11:18
U044,P106,view,14-03-2025 05:48
U011,P102,view,11-03-2025 12:41
U019,P102,view,24-02-2025 04:42
U016,P106,view,14-03-2025 10:29
U026,P104,view,03-03-2025 21:35
U031,P107,add_to_cart,06-03-2025 16:47
U031,P103,add_to_cart,04-03-2025 09:21
U040,P110,view,04-03-2025 04:56
U004,P107,purchase,16-03-2025 10:32
U027,P103,add_to_cart,27-02-2025 05:58
U001,P106,view,11-03-2025 13:42
U036,P106,view,27-02-2025 18:25
U017,P100,purchase,13-03-2025 15:58
U037,P106,add_to_cart,01-03-2025 03:28
U026,P102,view,28-02-2025 07:03
U009,P102,view,26-02-2025 16:26
U050,P110,add_to_cart,11-03-2025 15:09
U013,P102,view,18-03-2025 00:59
U033,P102,view,01-03-2025 19:28
U024,P110,add_to_cart,07-03-2025 15:30
U046,P108,view,27-02-2025 05:01
U028,P108,view,05-03-2025 04:55
U037,P108,view,02-03-2025 15:43
U019,P100,add_to_cart,15-03-2025 13:48
U015,P107,view,07-03-2025 00:46
U029,P101,add_to_cart,24-02-2025 23:29
U039,P105,view,19-02-2025 21:49
U026,P101,view,22-03-2025 13:39
U045,P100,add_to_cart,25-02-2025 13:14
U020,P109,purchase,26-02-2025 11:21
U038,P108,view,07-03-2025 11:37
U007,P104,purchase,13-03-2025 20:31
U013,P107,add_to_cart,14-03-2025 09:57
U024,P104,view,08-03-2025 11:22
U030,P105,purchase,21-03-2025 03:12
U019,P111,view,15-03-2025 03:57
U024,P101,view,22-03-2025 14:11
U005,P103,view,17-03-2025 18:37
U010,P110,add_to_cart,20-03-2025 18:13
U003,P108,add_to_cart,20-03-2025 15:45
U042,P100,view,08-03-2025 08:49
U013,P107,add_to_cart,17-03-2025 21:43
U009,P103,view,19-03-2025 12:21
U033,P110,view,22-02-2025 01:13
U008,P105,view,03-03-2025 01:38
U027,P100,view,17-03-2025 02:38
U040,P104,view,16-03-2025 00:01
U040,P102,view,24-02-2025 19:32
U045,P111,add_to_cart,11-03-2025 11:08
U026,P109,purchase,04-03-2025 13:31
U025,P101,view,25-02-2025 21:25
U044,P111,view,07-03-2025 06:10
U032,P106,view,14-03-2025 16:21
U013,P107,view,09-03-2025 06:20
U021,P100,add_to_cart,20-03-2025 06:05
U020,P108,purchase,03-03-2025 14:53
U018,P105,add_to_cart,20-03-2025 10:12
U014,P108,view,22-02-2025 13:12
U013,P110,view,21-02-2025 11:17
U029,P107,add_to_cart,10-03-2025 10:57
U044,P109,view,26-02-2025 11:53
U021,P101,view,22-03-2025 17:03
U015,P106,view,23-02-2025 16:53
U023,P101,view,12-03-2025 07:02
U041,P103,add_to_cart,05-03-2025 15:45
U046,P108,purchase,07-03-2025 21:20
U050,P108,view,23-02-2025 13:53
U035,P110,view,01-03-2025 19:19
U024,P111,view,05-03-2025 04:49
U027,P101,view,23-02-2025 14:30
U040,P106,add_to_cart,05-03-2025 23:52
U012,P104,view,21-03-2025 22:06
U017,P103,view,07-03-2025 11:03
U045,P104,view,16-03-2025 14:22
U024,P108,purchase,15-03-2025 18:27
U039,P108,view,08-03-2025 01:27
U044,P111,view,10-03-2025 12:04
U030,P106,view,01-03-2025 20:47
U044,P103,view,22-03-2025 08:08
U019,P106,view,04-03-2025 18:55
U047,P108,view,27-02-2025 13:56
U007,P107,view,15-03-2025 14:36
U037,P100,view,23-02-2025 15:11
U014,P108,view,23-02-2025 21:44
U039,P102,purchase,27-02-2025 17:56
U005,P106,view,12-03-2025 18:26
U005,P110,view,12-03-2025 01:59
U030,P108,view,03-03-2025 14:17
U011,P107,add_to_cart,20-03-2025 09:18
U036,P102,view,22-03-2025 00:17
U029,P102,purchase,22-02-2025 23:46
U021,P106,add_to_cart,04-03-2025 03:36
U008,P110,view,14-03-2025 05:40
U028,P103,view,21-02-2025 23:47
U034,P106,view,23-02-2025 19:12
U048,P102,view,06-03-2025 09:36
U001,P110,add_to_cart,22-02-2025 14:02
U036,P103,view,05-03-2025 04:04
U012,P109,add_to_cart,28-02-2025 08:07
U010,P108,view,10-03-2025 06:39
U030,P109,add_to_cart,22-02-2025 05:45
U028,P101,add_to_cart,16-03-2025 19:46
U036,P101,view,13-03-2025 00:46
U002,P104,view,11-03-2025 14:41
U005,P100,add_to_cart,12-03-2025 10:54
U026,P108,purchase,17-03-2025 00:25
U022,P111,view,09-03-2025 07:29
U037,P105,view,07-03-2025 15:09
U009,P104,view,08-03-2025 16:17
U004,P104,view,17-03-2025 05:45
U042,P108,add_to_cart,24-02-2025 12:07
U016,P104,view,04-03-2025 06:17
U014,P109,view,08-03-2025 19:30
U003,P101,view,20-02-2025 04:11
U010,P102,view,18-03-2025 01:36
U035,P101,add_to_cart,21-03-2025 16:17
U029,P103,purchase,24-02-2025 08:44
U045,P100,view,12-03-2025 08:13
U002,P105,add_to_cart,19-03-2025 09:22
U038,P103,view,08-03-2025 22:29
U022,P110,purchase,24-02-2025 22:26
U037,P101,view,26-02-2025 09:26
U017,P106,view,21-03-2025 23:41
U029,P103,view,14-03-2025 13:21
U050,P106,add_to_cart,26-02-2025 00:44
U002,P106,view,09-03-2025 03:59
U005,P101,purchase,28-02-2025 11:55
U015,P105,view,14-03-2025 11:47
U009,P106,purchase,07-03-2025 19:24
U019,P105,view,08-03-2025 19:27
U022,P110,add_to_cart,02-03-2025 03:20
U028,P109,view,13-03-2025 19:32
U001,P105,add_to_cart,13-03-2025 07:20
U040,P102,view,20-02-2025 02:17
U048,P101,add_to_cart,26-02-2025 12:13
U027,P105,view,26-02-2025 11:37
U005,P108,purchase,21-03-2025 00:49
U033,P100,view,06-03-2025 12:59
U050,P106,view,02-03-2025 17:34
U005,P100,add_to_cart,28-02-2025 21:18
U016,P105,purchase,13-03-2025 06:34
U012,P108,view,18-03-2025 02:18
U045,P101,view,21-02-2025 18:02
U047,P108,view,05-03-2025 20:51
U010,P107,view,22-03-2025 01:07
U040,P101,add_to_cart,10-03-2025 08:20
U032,P101,purchase,28-02-2025 09:09
U008,P107,add_to_cart,06-03-2025 11:11
U006,P107,view,07-03-2025 07:36
U048,P100,purchase,23-02-2025 18:39
U046,P109,purchase,24-02-2025 22:11
U006,P103,view,07-03-2025 00:31
U048,P108,purchase,07-03-2025 02:54
U026,P100,add_to_cart,15-03-2025 17:04
U035,P107,purchase,25-02-2025 18:26
U008,P103,add_to_cart,08-03-2025 12:43
U033,P107,add_to_cart,19-03-2025 02:57
U035,P107,view,10-03-2025 11:37
U016,P103,view,27-02-2025 02:55
U013,P108,purchase,15-03-2025 09:57
U025,P100,add_to_cart,25-02-2025 17:50
U018,P107,view,01-03-2025 04:08
U033,P101,view,01-03-2025 12:56
U046,P100,view,17-03-2025 14:52
U031,P109,add_to_cart,10-03-2025 01:34
U020,P102,view,10-03-2025 15:30
U046,P101,add_to_cart,21-03-2025 02:15
U044,P100,add_to_cart,20-02-2025 18:16
U007,P110,view,07-03-2025 02:30
U039,P111,view,28-02-2025 03:24
U017,P100,view,17-03-2025 04:46
U029,P103,add_to_cart,14-03-2025 05:41
U011,P100,view,16-03-2025 16:35
U042,P103,purchase,16-03-2025 05:21
U022,P104,add_to_cart,15-03-2025 06:55
U019,P105,add_to_cart,06-03-2025 10:15
U029,P100,purchase,14-03-2025 11:28
U024,P106,view,08-03-2025 19:46
U026,P100,view,09-03-2025 16:27
U037,P104,add_to_cart,16-03-2025 20:58
U042,P106,view,26-02-2025 16:54
U039,P101,view,11-03-2025 02:45
U032,P110,add_to_cart,14-03-2025 21:38
U025,P103,view,26-02-2025 03:51
U043,P110,view,20-02-2025 13:26
U019,P108,add_to_cart,24-02-2025 16:11
U033,P108,purchase,14-03-2025 17:40
U041,P107,view,26-02-2025 00:21
U037,P110,purchase,03-03-2025 10:21
U035,P102,view,24-02-2025 01:42
U021,P103,purchase,11-03-2025 12:51
U027,P105,view,06-03-2025 07:52
U014,P104,purchase,11-03-2025 10:38
U011,P100,add_to_cart,10-03-2025 14:32
U034,P105,add_to_cart,21-02-2025 22:33
U037,P110,add_to_cart,23-02-2025 09:54
U032,P104,view,14-03-2025 16:17
U029,P107,add_to_cart,10-03-2025 15:52
U045,P101,add_to_cart,26-02-2025 14:47
U011,P107,view,25-02-2025 08:46
U032,P103,view,21-02-2025 10:58
U024,P107,add_to_cart,07-03-2025 15:01
U019,P109,purchase,05-03-2025 08:05
U019,P105,add_to_cart,14-03-2025 09:57
U032,P105,view,27-02-2025 05:59
U005,P100,add_to_cart,21-03-2025 13:34
U037,P101,add_to_cart,22-02-2025 05:03
U015,P105,view,05-03-2025 12:08
U043,P105,add_to_cart,21-03-2025 04:15
U030,P107,purchase,23-02-2025 22:09
U026,P109,view,18-03-2025 12:47
U041,P105,add_to_cart,01-03-2025 20:46
U026,P107,view,02-03-2025 19:41
U033,P106,purchase,23-02-2025 11:18
U018,P101,view,20-03-2025 03:51
U022,P104,view,03-03-2025 00:29
U047,P100,view,21-02-2025 03:12
U013,P103,view,19-03-2025 21:27
U031,P102,view,24-02-2025 00:27
U016,P109,add_to_cart,02-03-2025 09:57
U001,P100,add_to_cart,02-03-2025 20:43
U005,P104,add_to_cart,15-03-2025 18:30
U020,P103,view,07-03-2025 13:22
U017,P105,purchase,03-03-2025 02:39
U002,P101,view,07-03-2025 03:08
U032,P109,view,08-03-2025 18:55
U019,P103,view,20-03-2025 16:41
U024,P100,view,20-02-2025 17:36
U043,P108,view,24-02-2025 06:22
U048,P101,add_to_cart,10-03-2025 13:34
U001,P105,view,27-02-2025 03:56
U045,P107,add_to_cart,22-03-2025 06:58
U016,P101,purchase,20-03-2025 14:47
U030,P104,add_to_cart,21-02-2025 16:45
U007,P101,add_to_cart,04-03-2025 10:41
U005,P104,purchase,21-03-2025 12:03
U034,P111,view,05-03-2025 02:56
U013,P108,view,21-02-2025 14:37
U040,P104,view,24-02-2025 22:24
U016,P103,view,09-03-2025 20:10
U025,P109,view,02-03-2025 13:52
U016,P110,view,18-03-2025 00:26
U029,P103,view,24-02-2025 07:59
U027,P101,view,06-03-2025 08:35
U041,P104,add_to_cart,16-03-2025 11:19
U025,P100,add_to_cart,27-02-2025 17:01
U041,P107,view,11-03-2025 11:24
U008,P111,view,20-03-2025 17:34
U046,P105,view,22-02-2025 05:36
U038,P110,view,23-02-2025 23:17
U047,P107,view,02-03-2025 04:08
U014,P109,add_to_cart,16-03-2025 07:57
U022,P111,purchase,08-03-2025 23:34
U021,P108,view,08-03-2025 17:56
U049,P104,view,14-03-2025 16:14
U026,P111,view,04-03-2025 20:25
U028,P103,view,19-03-2025 18:22
U034,P109,view,20-02-2025 09:02
U035,P109,purchase,18-03-2025 03:13
U039,P110,view,25-02-2025 16:32
U023,P106,add_to_cart,15-03-2025 15:13
U012,P111,add_to_cart,23-02-2025 15:48
U005,P101,view,12-03-2025 02:38
U002,P103,view,13-03-2025 16:01
U018,P110,view,27-02-2025 08:40
U039,P104,view,16-03-2025 21:39
U036,P105,view,09-03-2025 19:28
U041,P105,add_to_cart,25-02-2025 02:26
U005,P101,view,23-02-2025 06:40
U027,P102,view,06-03-2025 19:04
U022,P105,view,21-02-2025 17:42
U010,P100,view,09-03-2025 15:48
U017,P105,view,07-03-2025 07:19
U010,P106,view,12-03-2025 07:00
U010,P102,purchase,13-03-2025 10:25
U014,P108,view,17-03-2025 21:55
U020,P101,purchase,20-02-2025 18:06
U023,P103,view,22-03-2025 03:33
U008,P109,view,04-03-2025 16:20
U033,P102,add_to_cart,12-03-2025 01:11
U043,P109,view,19-03-2025 13:20
U011,P107,view,15-03-2025 10:41
U019,P100,add_to_cart,21-02-2025 01:01
U041,P109,purchase,13-03-2025 15:24
U046,P100,view,25-02-2025 03:46
U035,P100,add_to_cart,18-03-2025 04:08
U032,P109,view,03-03-2025 21:40
U012,P111,view,17-03-2025 08:55
U045,P111,view,13-03-2025 15:37
U005,P108,add_to_cart,13-03-2025 10:14
U033,P108,view,12-03-2025 22:13
U044,P106,add_to_cart,18-03-2025 04:47
U039,P101,view,12-03-2025 16:53
U042,P108,add_to_cart,24-02-2025 17:05
U020,P107,view,09-03-2025 13:40
U023,P106,add_to_cart,14-03-2025 00:32
U022,P102,view,07-03-2025 02:59
U022,P106,view,17-03-2025 13:02
U014,P103,view,14-03-2025 12:54
U019,P111,add_to_cart,05-03-2025 10:39
U006,P107,add_to_cart,01-03-2025 10:01
U035,P109,purchase,12-03-2025 07:01
U035,P111,view,06-03-2025 20:53
U038,P105,add_to_cart,25-02-2025 08:51
U027,P111,view,11-03-2025 21:41
U012,P109,add_to_cart,16-03-2025 18:11
U047,P102,add_to_cart,08-03-2025 05:06
U030,P108,view,28-02-2025 18:20
U031,P106,view,21-03-2025 05:39
U030,P101,view,07-03-2025 17:38
U020,P102,view,12-03-2025 05:29
U027,P106,add_to_cart,27-02-2025 12:31
U003,P101,add_to_cart,06-03-2025 21:45
U028,P100,add_to_cart,06-03-2025 21:00
U037,P104,add_to_cart,25-02-2025 02:04
U038,P109,view,24-02-2025 12:37
U030,P109,view,05-03-2025 23:22
U006,P107,view,27-02-2025 11:01
U001,P110,purchase,21-03-2025 06:58
U027,P106,purchase,26-02-2025 04:26
U030,P107,view,22-02-2025 11:26
U012,P103,add_to_cart,17-03-2025 02:20
U038,P102,purchase,10-03-2025 17:43
U030,P100,view,26-02-2025 22:27
U018,P107,view,10-03-2025 18:51
U050,P111,view,26-02-2025 23:29
U015,P110,view,19-02-2025 22:37
U036,P106,view,20-03-2025 10:20
U010,P101,view,22-03-2025 07:13
U019,P103,view,25-02-2025 14:12
U020,P108,add_to_cart,11-03-2025 06:56
U048,P110,view,13-03-2025 15:31
U035,P103,purchase,13-03-2025 22:01
U021,P108,view,23-02-2025 14:49
U040,P107,view,03-03-2025 00:07
U038,P101,add_to_cart,15-03-2025 16:23
U048,P109,view,20-03-2025 09:40
U033,P107,view,22-03-2025 07:27
U015,P110,view,20-03-2025 17:17
U021,P105,view,01-03-2025 22:12
U019,P102,purchase,01-03-2025 04:43
U042,P102,view,15-03-2025 05:34
U008,P102,add_to_cart,18-03-2025 10:17
U043,P101,view,11-03-2025 12:56
U026,P109,add_to_cart,11-03-2025 13:46
U048,P105,view,28-02-2025 00:13
U004,P102,view,21-02-2025 12:04
U032,P111,view,26-02-2025 07:02
U004,P101,add_to_cart,09-03-2025 12:48
U043,P104,view,25-02-2025 23:54
U018,P101,add_to_cart,01-03-2025 18:16
U009,P101,view,02-03-2025 07:20
U031,P103,view,28-02-2025 12:13
U004,P111,add_to_cart,27-02-2025 05:24
U038,P104,view,24-02-2025 03:56
U045,P110,purchase,23-02-2025 04:46
U035,P102,view,22-03-2025 03:16
U030,P110,view,22-02-2025 00:35
U033,P107,purchase,09-03-2025 05:23
U009,P106,purchase,19-03-2025 17:04
U038,P105,purchase,23-02-2025 19:16
U009,P111,view,24-02-2025 21:06
U031,P109,add_to_cart,01-03-2025 17:06
U044,P110,view,20-02-2025 21:38
U032,P104,add_to_cart,22-02-2025 17:24
U035,P111,add_to_cart,28-02-2025 06:26
U007,P107,add_to_cart,11-03-2025 09:39
U017,P102,view,05-03-2025 03:42
U001,P100,add_to_cart,22-03-2025 13:26
U013,P107,view,22-03-2025 08:04
U004,P105,view,28-02-2025 01:27
U013,P102,view,08-03-2025 23:51
U041,P100,view,23-02-2025 05:17
U049,P101,add_to_cart,01-03-2025 08:06
U031,P101,purchase,10-03-2025 01:33
U045,P109,view,08-03-2025 19:39
U031,P101,view,12-03-2025 13:25
U009,P105,add_to_cart,28-02-2025 12:38
U030,P111,view,28-02-2025 10:11
U019,P104,view,16-03-2025 07:32
U017,P101,purchase,20-03-2025 16:45
U012,P106,add_to_cart,17-03-2025 15:53
U050,P110,view,18-03-2025 21:19
U026,P111,view,04-03-2025 19:59
U005,P104,add_to_cart,21-02-2025 17:16
U019,P110,view,02-03-2025 15:57
U046,P106,view,16-03-2025 17:58
U015,P105,view,04-03-2025 09:49
U011,P103,purchase,27-02-2025 23:11
U035,P107,view,17-03-2025 02:17
U027,P105,purchase,03-03-2025 13:34
U025,P108,purchase,25-02-2025 12:08
U008,P106,view,21-03-2025 17:03
U007,P105,view,28-02-2025 10:50
U011,P108,add_to_cart,22-02-2025 04:12
U044,P110,view,19-03-2025 08:51
U023,P105,view,03-03-2025 20:40
U006,P108,view,20-02-2025 07:55
U050,P109,purchase,26-02-2025 01:21
U039,P100,view,05-03-2025 09:42
U020,P101,purchase,24-02-2025 05:59
U047,P109,add_to_cart,16-03-2025 03:45
U019,P111,purchase,03-03-2025 14:23
U021,P105,view,05-03-2025 05:08
U036,P107,add_to_cart,19-02-2025 23:54
U050,P107,add_to_cart,15-03-2025 10:35
U028,P108,purchase,08-03-2025 22:14
U020,P101,add_to_cart,13-03-2025 14:06
U027,P103,add_to_cart,15-03-2025 16:50
U016,P105,add_to_cart,25-02-2025 10:15
U024,P111,view,03-03-2025 22:44
U016,P102,view,01-03-2025 06:18
U038,P107,view,10-03-2025 10:40
U050,P106,view,10-03-2025 12:38
U011,P100,view,20-02-2025 08:32
U014,P110,view,04-03-2025 12:38
U013,P107,view,22-03-2025 17:55
U042,P104,add_to_cart,10-03-2025 23:30
U016,P108,view,12-03-2025 05:58
U046,P104,view,20-02-2025 05:01
U010,P109,add_to_cart,09-03-2025 03:08
U039,P102,view,24-02-2025 13:34
U035,P100,view,06-03-2025 10:57
U006,P111,add_to_cart,20-02-2025 01:57
U046,P104,view,21-03-2025 08:22
U002,P101,add_to_cart,06-03-2025 14:34
U002,P105,view,20-03-2025 23:31
U022,P110,view,18-03-2025 03:59
U045,P111,view,05-03-2025 23:39
U036,P102,view,09-03-2025 00:13
U039,P101,view,08-03-2025 04:49
U038,P109,view,11-03-2025 08:38
U007,P105,add_to_cart,22-03-2025 18:53
U013,P100,purchase,09-03-2025 10:58
U002,P103,view,22-03-2025 03:06
U038,P110,view,22-03-2025 04:04
U040,P102,add_to_cart,01-03-2025 16:00
U027,P110,purchase,16-03-2025 04:44
U008,P102,add_to_cart,02-03-2025 17:26
U041,P109,view,25-02-2025 09:49
U012,P100,purchase,23-02-2025 10:05
U005,P105,view,07-03-2025 15:09
U035,P110,view,09-03-2025 20:12
U006,P109,view,02-03-2025 21:01
U020,P108,view,08-03-2025 13:52
U016,P103,add_to_cart,20-03-2025 09:19
U004,P111,view,05-03-2025 02:32
U016,P104,add_to_cart,03-03-2025 18:25
U044,P107,view,21-03-2025 04:16
U026,P110,add_to_cart,03-03-2025 06:37
U023,P104,add_to_cart,17-03-2025 01:09
U007,P107,view,14-03-2025 00:08
U021,P110,view,22-03-2025 05:35
U011,P110,purchase,20-03-2025 11:30
U015,P107,add_to_cart,19-03-2025 21:36
U009,P105,add_to_cart,26-02-2025 07:13
U008,P101,add_to_cart,06-03-2025 06:39
U008,P107,view,20-03-2025 16:24
U030,P101,view,14-03-2025 22:05
U024,P100,purchase,27-02-2025 23:22
U044,P110,view,19-03-2025 02:02
U007,P107,add_to_cart,13-03-2025 02:01
U006,P102,view,26-02-2025 15:41
U046,P111,view,06-03-2025 11:11
U049,P109,view,17-03-2025 23:39
U023,P100,view,21-02-2025 07:30
U025,P110,add_to_cart,07-03-2025 16:47
U006,P111,add_to_cart,03-03-2025 20:37
U043,P106,view,22-02-2025 14:52
U043,P110,view,27-02-2025 01:00
U032,P104,view,02-03-2025 09:22
U017,P109,purchase,11-03-2025 22:03
U039,P109,view,15-03-2025 10:44
U049,P108,add_to_cart,08-03-2025 18:17
U032,P104,add_to_cart,17-03-2025 21:34
U047,P108,view,20-03-2025 11:01
U039,P110,view,10-03-2025 21:07
U038,P103,purchase,02-03-2025 03:50
U027,P109,add_to_cart,26-02-2025 08:47
U032,P109,add_to_cart,21-02-2025 01:35
U049,P111,add_to_cart,18-03-2025 08:05
U014,P105,view,24-02-2025 16:47
U025,P107,view,20-02-2025 17:28
U008,P100,view,03-03-2025 12:45
U001,P105,view,10-03-2025 13:03
U004,P102,view,19-03-2025 12:11
U035,P110,purchase,11-03-2025 10:07
U011,P109,add_to_cart,22-03-2025 04:51
U044,P108,view,03-03-2025 06:51
U021,P106,view,21-03-2025 10:11
U048,P108,view,16-03-2025 07:06
U026,P109,view,09-03-2025 17:46
U024,P102,view,11-03-2025 17:13
U011,P108,purchase,08-03-2025 03:40
U022,P109,view,08-03-2025 20:16
U003,P108,view,20-03-2025 19:21
U048,P104,view,09-03-2025 16:53
U022,P107,view,15-03-2025 11:51
U045,P102,view,19-02-2025 23:22
U005,P104,view,16-03-2025 04:15
U033,P109,view,08-03-2025 09:23
U028,P104,view,12-03-2025 20:38
U006,P105,add_to_cart,28-02-2025 09:04
U024,P105,view,07-03-2025 08:40
U019,P101,add_to_cart,23-02-2025 07:11
U035,P103,purchase,12-03-2025 12:56
U037,P102,view,12-03-2025 00:35
U023,P108,view,23-02-2025 04:19
U031,P100,add_to_cart,01-03-2025 16:10
U007,P107,add_to_cart,15-03-2025 00:33
U042,P109,view,15-03-2025 00:01
U007,P104,view,08-03-2025 12:08
U047,P106,add_to_cart,08-03-2025 22:08
U031,P106,view,15-03-2025 13:57
U040,P100,purchase,23-02-2025 12:06
U047,P102,view,23-02-2025 01:32
U032,P106,purchase,02-03-2025 04:16
U007,P107,view,07-03-2025 21:25
U035,P110,purchase,26-02-2025 01:49
U003,P111,view,01-03-2025 16:24
U008,P108,view,06-03-2025 18:01
U041,P109,add_to_cart,15-03-2025 22:02
U038,P102,purchase,13-03-2025 11:40
U038,P102,view,03-03-2025 05:13
U012,P102,view,22-02-2025 15:44
U010,P105,view,10-03-2025 05:03
U011,P105,view,06-03-2025 19:47
U050,P107,view,08-03-2025 05:32
U032,P110,purchase,22-02-2025 02:42
U016,P107,view,06-03-2025 04:30
U012,P107,add_to_cart,03-03-2025 22:40
U047,P105,view,18-03-2025 06:00
U050,P105,purchase,24-02-2025 03:26
U002,P103,view,17-03-2025 03:31
U004,P101,view,03-03-2025 20:01
U013,P100,purchase,08-03-2025 00:34
U013,P110,view,07-03-2025 10:40
U018,P108,add_to_cart,22-02-2025 17:45
U003,P110,add_to_cart,27-02-2025 21:00
U035,P110,view,17-03-2025 20:18
U024,P111,add_to_cart,25-02-2025 21:40
U030,P103,view,21-02-2025 02:42
U035,P101,add_to_cart,19-03-2025 21:45
U009,P111,view,23-02-2025 01:23
U033,P109,view,25-02-2025 06:57
U027,P108,view,18-03-2025 08:34
U014,P110,view,08-03-2025 01:24
U043,P101,view,28-02-2025 22:30
U020,P102,view,26-02-2025 05:32
U034,P100,purchase,03-03-2025 19:17
U023,P110,view,16-03-2025 04:06
U012,P105,purchase,11-03-2025 09:20
U027,P101,view,15-03-2025 03:55
U016,P105,add_to_cart,22-02-2025 13:57
U032,P103,purchase,27-02-2025 01:39
U049,P108,purchase,01-03-2025 18:30
U012,P110,add_to_cart,27-02-2025 09:13
U044,P104,view,13-03-2025 23:15
U011,P106,purchase,12-03-2025 05:54
U022,P104,add_to_cart,20-02-2025 20:55
U034,P108,view,15-03-2025 19:50
U034,P108,add_to_cart,25-02-2025 20:21
U045,P110,add_to_cart,09-03-2025 23:07
U042,P109,add_to_cart,19-03-2025 09:10
U031,P105,view,05-03-2025 08:37
U013,P108,add_to_cart,15-03-2025 15:22
U004,P105,view,23-02-2025 22:07
U019,P108,view,27-02-2025 16:16
U012,P106,add_to_cart,09-03-2025 15:54
U017,P107,add_to_cart,02-03-2025 02:43
U048,P108,view,05-03-2025 14:48
U022,P110,view,22-02-2025 02:04
U047,P101,add_to_cart,27-02-2025 15:24
U046,P102,add_to_cart,03-03-2025 06:54
U020,P101,add_to_cart,17-03-2025 15:08
U031,P110,view,22-03-2025 08:24
U018,P110,add_to_cart,24-02-2025 06:33
U001,P108,view,04-03-2025 20:13
U016,P111,view,21-02-2025 07:12
U025,P100,purchase,20-03-2025 15:32
U006,P108,view,11-03-2025 19:51
U004,P104,view,27-02-2025 02:36
U022,P103,purchase,07-03-2025 22:49
U020,P111,view,20-03-2025 01:58
U031,P102,view,23-02-2025 21:11
U022,P111,add_to_cart,19-02-2025 21:15
U018,P110,add_to_cart,25-02-2025 16:26
U034,P103,view,16-03-2025 22:52
U029,P106,add_to_cart,13-03-2025 06:13
U005,P106,view,19-03-2025 03:20
U036,P104,add_to_cart,17-03-2025 00:41
U003,P105,view,28-02-2025 18:07
U017,P109,view,08-03-2025 13:32
U006,P110,purchase,13-03-2025 23:43
U003,P106,purchase,22-03-2025 15:34
U036,P102,view,15-03-2025 17:27
U013,P103,view,22-02-2025 21:18
U004,P108,purchase,13-03-2025 09:39
U047,P107,view,20-03-2025 02:10
U019,P105,add_to_cart,08-03-2025 14:20
U005,P105,purchase,17-03-2025 21:26
U033,P105,view,07-03-2025 19:15
U009,P107,purchase,22-03-2025 10:56
U038,P101,view,28-02-2025 01:52
U009,P100,add_to_cart,10-03-2025 22:22
U019,P105,purchase,08-03-2025 14:46
U034,P107,add_to_cart,15-03-2025 21:55
U040,P104,view,08-03-2025 11:12
U024,P102,view,01-03-2025 17:01
U027,P109,add_to_cart,12-03-2025 20:18
U036,P101,view,25-02-2025 03:14
U007,P111,view,22-02-2025 23:05
U019,P109,add_to_cart,22-02-2025 23:18
U034,P103,view,03-03-2025 07:16
U033,P109,view,07-03-2025 12:55
U003,P108,add_to_cart,21-03-2025 19:50
U027,P102,add_to_cart,16-03-2025 11:47
U035,P110,view,15-03-2025 03:17
U039,P111,add_to_cart,21-03-2025 08:22
U022,P109,purchase,21-02-2025 13:43
U022,P102,view,27-02-2025 07:53
U043,P101,view,22-03-2025 08:55
U020,P105,add_to_cart,03-03-2025 08:05
U015,P103,add_to_cart,25-02-2025 12:14
U001,P100,purchase,15-03-2025 15:54
U001,P100,view,18-03-2025 02:34
U040,P107,add_to_cart,01-03-2025 00:23
U037,P110,view,28-02-2025 02:48
U041,P110,view,08-03-2025 01:33
U022,P100,view,06-03-2025 07:35
U039,P107,view,02-03-2025 01:18
U021,P108,view,11-03-2025 17:37
U047,P107,add_to_cart,16-03-2025 06:33
U047,P111,view,11-03-2025 13:39
U011,P108,view,09-03-2025 15:22
U027,P111,view,16-03-2025 04:07
U042,P100,view,12-03-2025 09:28
U023,P101,purchase,20-03-2025 15:56
U005,P109,view,07-03-2025 11:58
U011,P107,add_to_cart,08-03-2025 22:42
U014,P106,purchase,08-03-2025 01:24
U031,P100,purchase,17-03-2025 19:46
U025,P104,add_to_cart,23-02-2025 01:03
U030,P106,add_to_cart,28-02-2025 02:50
U007,P106,add_to_cart,16-03-2025 20:43
U002,P100,view,25-02-2025 03:36
U027,P101,add_to_cart,14-03-2025 13:23
U026,P110,view,16-03-2025 15:59
U024,P110,add_to_cart,15-03-2025 00:30
U018,P108,purchase,10-03-2025 02:45
U050,P108,add_to_cart,02-03-2025 02:54
U048,P111,view,27-02-2025 08:34
U007,P100,view,21-03-2025 13:50
U010,P111,purchase,03-03-2025 18:06
U031,P105,add_to_cart,19-03-2025 02:09
U015,P111,view,24-02-2025 13:57
U022,P104,view,14-03-2025 18:38
U024,P110,view,08-03-2025 20:09
U050,P106,add_to_cart,25-02-2025 22:17
U007,P107,view,09-03-2025 12:44
U003,P100,add_to_cart,16-03-2025 06:51
U036,P110,view,20-03-2025 11:46
U021,P100,purchase,12-03-2025 17:17
U012,P106,purchase,23-02-2025 00:30
U046,P110,view,10-03-2025 19:01
U042,P108,view,27-02-2025 05:40
U031,P102,purchase,10-03-2025 09:38
U039,P100,view,07-03-2025 19:23
U026,P110,view,25-02-2025 07:00
U008,P101,view,20-03-2025 21:25
U015,P102,purchase,28-02-2025 03:58
U039,P105,add_to_cart,08-03-2025 14:48
U001,P106,add_to_cart,11-03-2025 10:40
U014,P110,add_to_cart,22-02-2025 10:35
U026,P107,view,24-02-2025 06:02
U001,P110,add_to_cart,08-03-2025 17:37
U044,P102,purchase,09-03-2025 03:39
U050,P108,view,02-03-2025 14:34
U026,P106,purchase,21-02-2025 23:51
U039,P102,view,11-03-2025 17:11
U007,P104,view,14-03-2025 18:52
U025,P107,view,18-03-2025 10:12
U016,P109,view,12-03-2025 00:33
U029,P107,view,14-03-2025 19:31
U009,P102,add_to_cart,19-03-2025 03:25
U039,P104,view,07-03-2025 08:46
U046,P106,purchase,09-03-2025 19:30
U041,P100,view,27-02-2025 16:05
U040,P101,add_to_cart,12-03-2025 16:52
U028,P102,add_to_cart,11-03-2025 08:17
U012,P104,add_to_cart,25-02-2025 08:18
U007,P104,view,18-03-2025 19:25
U007,P102,purchase,18-03-2025 14:53
U003,P109,view,22-03-2025 02:37
U016,P102,view,21-02-2025 16:39
U009,P110,purchase,27-02-2025 00:47
U040,P101,view,24-02-2025 01:33
U039,P110,view,07-03-2025 05:10
U003,P102,add_to_cart,16-03-2025 02:54
U028,P109,view,12-03-2025 00:48
U012,P102,view,19-02-2025 21:55
U033,P103,view,03-03-2025 15:56
U016,P104,view,11-03-2025 20:33
U048,P108,view,01-03-2025 19:10
U001,P110,add_to_cart,21-02-2025 05:24
U020,P100,view,09-03-2025 03:57
U038,P107,view,06-03-2025 05:22
U039,P108,add_to_cart,27-02-2025 05:41
U013,P105,view,21-03-2025 01:49
U029,P102,view,27-02-2025 10:28
U032,P102,view,16-03-2025 07:48
U001,P108,view,06-03-2025 07:53
U009,P101,add_to_cart,24-02-2025 00:53
U002,P109,add_to_cart,14-03-2025 22:52
U004,P109,view,05-03-2025 03:04
U048,P105,view,10-03-2025 03:10
U026,P104,view,23-02-2025 02:38
U036,P102,view,20-03-2025 04:55
U032,P105,view,01-03-2025 23:36
U041,P104,add_to_cart,26-02-2025 14:29
U028,P104,purchase,01-03-2025 18:41
U022,P100,view,23-02-2025 22:19
U043,P101,purchase,22-02-2025 16:46
U039,P108,view,13-03-2025 03:10
U037,P101,view,28-02-2025 23:39
U029,P104,add_to_cart,15-03-2025 23:52
U039,P104,view,20-02-2025 04:28
U021,P100,view,11-03-2025 21:48
U030,P110,purchase,23-02-2025 16:15
U038,P107,add_to_cart,22-02-2025 00:12
U001,P100,view,05-03-2025 04:37
U037,P100,view,21-03-2025 05:17
U045,P104,view,28-02-2025 11:21
U026,P103,add_to_cart,09-03-2025 02:05
U007,P109,view,11-03-2025 00:37
U027,P101,view,09-03-2025 18:53
U012,P109,purchase,22-02-2025 17:12
U045,P109,add_to_cart,04-03-2025 07:52
U019,P104,view,08-03-2025 05:33
U009,P111,purchase,20-03-2025 04:40
U046,P105,view,06-03-2025 21:25
U021,P101,view,13-03-2025 05:24
U034,P109,view,27-02-2025 11:41
U041,P101,view,20-03-2025 00:10
U020,P104,view,16-03-2025 01:40
U009,P100,view,16-03-2025 05:26
U006,P105,view,09-03-2025 06:17
U013,P108,view,28-02-2025 21:27
U048,P109,purchase,04-03-2025 06:23
U035,P106,purchase,24-02-2025 15:13
U042,P101,add_to_cart,14-03-2025 07:17
U032,P102,purchase,20-02-2025 06:34
U012,P107,add_to_cart,09-03-2025 11:11
U011,P101,add_to_cart,20-02-2025 14:44
U034,P101,view,27-02-2025 12:22
U035,P104,purchase,22-02-2025 07:01
U040,P105,view,16-03-2025 08:39
U041,P108,purchase,21-03-2025 18:24
U005,P109,view,19-03-2025 17:42
U039,P111,add_to_cart,23-02-2025 13:48
U024,P103,view,14-03-2025 20:01
U030,P103,view,10-03-2025 09:07
U045,P105,purchase,26-02-2025 23:53
U044,P105,add_to_cart,28-02-2025 22:48
U031,P104,add_to_cart,09-03-2025 23:20
U026,P101,purchase,12-03-2025 06:44
U047,P111,add_to_cart,26-02-2025 17:17
U010,P110,view,27-02-2025 04:05
U036,P107,view,05-03-2025 22:13
U035,P100,view,10-03-2025 12:21
U017,P106,view,18-03-2025 14:20
U039,P107,add_to_cart,28-02-2025 08:03
U026,P109,view,13-03-2025 23:20
U030,P110,view,09-03-2025 07:26
U019,P103,view,24-02-2025 07:18
U037,P105,add_to_cart,09-03-2025 12:32
U034,P108,view,20-02-2025 00:26
U022,P106,view,28-02-2025 18:37
U041,P109,view,13-03-2025 00:30
U009,P110,add_to_cart,18-03-2025 15:54
U023,P105,add_to_cart,20-02-2025 03:26
U008,P106,view,12-03-2025 20:41
U046,P107,view,15-03-2025 17:41
U023,P108,view,22-03-2025 12:39
U029,P107,view,12-03-2025 16:39
U006,P101,purchase,28-02-2025 02:50
U031,P103,view,15-03-2025 20:31
U021,P105,view,09-03-2025 22:47
U028,P107,view,02-03-2025 08:25
U001,P108,view,14-03-2025 01:03
U035,P100,view,25-02-2025 08:20
U012,P110,view,16-03-2025 12:28
U007,P104,purchase,11-03-2025 09:37
U045,P100,view,13-03-2025 20:20
U038,P110,view,20-02-2025 15:08
U048,P110,view,17-03-2025 07:17
U016,P110,purchase,04-03-2025 01:31
U012,P110,view,20-03-2025 16:04
U025,P106,view,08-03-2025 23:08
U029,P107,view,01-03-2025 15:18
U015,P109,view,27-02-2025 10:04
U038,P110,purchase,12-03-2025 20:23
U038,P111,add_to_cart,23-02-2025 12:38
U036,P104,purchase,25-02-2025 11:27
U009,P108,view,25-02-2025 23:23
U046,P111,view,10-03-2025 14:23
U049,P106,add_to_cart,09-03-2025 12:43
U021,P102,view,19-03-2025 12:19
U037,P101,view,05-03-2025 19:02
U040,P102,view,15-03-2025 03:56
U007,P110,add_to_cart,24-02-2025 05:41
U040,P108,view,05-03-2025 13:07
U047,P107,view,22-02-2025 23:18
U009,P109,view,13-03-2025 05:11
U003,P110,purchase,24-02-2025 22:34
U007,P109,add_to_cart,09-03-2025 06:59
U035,P106,add_to_cart,21-03-2025 04:19
U034,P109,view,17-03-2025 14:22
U020,P103,view,16-03-2025 20:07
U001,P101,view,22-03-2025 01:54
U032,P111,add_to_cart,03-03-2025 10:29
U026,P102,view,02-03-2025 20:53
U018,P107,view,10-03-2025 12:15
U038,P102,view,13-03-2025 02:29
U037,P107,view,21-02-2025 01:58
U044,P111,purchase,20-02-2025 17:20
U007,P103,view,17-03-2025 02:44
U015,P108,add_to_cart,07-03-2025 12:26
U008,P110,view,01-03-2025 15:15
U006,P111,purchase,24-02-2025 06:20
U049,P100,purchase,19-03-2025 07:01
U001,P102,view,07-03-2025 11:22
U027,P111,view,14-03-2025 14:36
U038,P101,add_to_cart,26-02-2025 22:26
U044,P100,view,03-03-2025 03:02
U048,P105,view,20-02-2025 00:41
U030,P104,add_to_cart,20-03-2025 23:53
U044,P100,add_to_cart,22-02-2025 02:13
U006,P108,view,22-03-2025 13:35
U005,P105,view,19-03-2025 09:29
U014,P108,add_to_cart,14-03-2025 14:56
U045,P100,view,20-03-2025 11:00
U010,P100,view,02-03-2025 19:28
U019,P100,add_to_cart,12-03-2025 03:04
U006,P110,view,20-03-2025 21:43
U022,P108,view,13-03-2025 03:52
U016,P105,view,28-02-2025 19:36
U020,P107,view,15-03-2025 05:22
U003,P108,view,21-03-2025 00:09
U005,P110,view,05-03-2025 09:35
U007,P109,add_to_cart,19-03-2025 22:19
U020,P103,purchase,11-03-2025 07:24
U007,P101,view,16-03-2025 02:57
U024,P108,view,19-03-2025 15:13
U050,P104,add_to_cart,05-03-2025 19:44
U035,P108,add_to_cart,13-03-2025 19:42
U050,P102,purchase,12-03-2025 11:03
U036,P111,view,14-03-2025 08:49
U041,P103,add_to_cart,14-03-2025 17:22
U045,P102,view,28-02-2025 04:11
U036,P104,view,14-03-2025 22:46
U037,P101,view,26-02-2025 20:54
U009,P105,add_to_cart,19-03-2025 03:21
U047,P105,view,12-03-2025 22:54
U006,P111,purchase,28-02-2025 19:50
U006,P103,add_to_cart,21-02-2025 08:18
U021,P110,view,28-02-2025 02:51
U011,P107,purchase,10-03-2025 14:52
U016,P104,add_to_cart,07-03-2025 22:25
U048,P104,add_to_cart,27-02-2025 08:23
U044,P100,add_to_cart,05-03-2025 06:18
U011,P105,view,20-03-2025 10:55
U016,P106,add_to_cart,27-02-2025 16:11
U003,P109,view,02-03-2025 08:04
U030,P100,view,11-03-2025 04:06
U050,P110,purchase,17-03-2025 00:03
U021,P109,view,09-03-2025 00:02
U011,P102,view,22-03-2025 01:16
U037,P108,view,08-03-2025 04:51
U003,P101,view,20-03-2025 15:33
U015,P110,view,10-03-2025 10:02
U002,P102,view,10-03-2025 17:25
U033,P106,purchase,02-03-2025 20:43
U003,P105,view,12-03-2025 04:58
U036,P106,purchase,13-03-2025 19:25
U003,P108,view,21-02-2025 15:45
U024,P106,view,20-02-2025 17:10
U021,P111,add_to_cart,20-03-2025 04:11
U023,P108,add_to_cart,21-03-2025 13:42
U021,P100,view,28-02-2025 09:08
U046,P100,view,15-03-2025 19:20
U050,P105,view,05-03-2025 00:24
U030,P101,view,27-02-2025 13:29
U006,P111,view,14-03-2025 16:57
U040,P102,view,16-03-2025 00:27
U009,P108,purchase,23-02-2025 11:40
U040,P107,view,17-03-2025 19:10
U027,P101,view,02-03-2025 06:20
U009,P100,view,11-03-2025 05:21
U047,P109,view,15-03-2025 13:25
U042,P102,add_to_cart,05-03-2025 04:44
U019,P106,view,22-02-2025 23:03
U016,P105,view,01-03-2025 11:02
U033,P100,view,07-03-2025 07:26
U010,P108,view,25-02-2025 18:24
U023,P107,view,15-03-2025 18:40
U034,P107,purchase,20-03-2025 19:11
U025,P102,add_to_cart,10-03-2025 12:37
U001,P104,view,11-03-2025 14:57
U006,P100,view,25-02-2025 14:16
U030,P111,view,13-03-2025 16:43
U005,P100,purchase,13-03-2025 13:12
U023,P107,view,22-03-2025 01:22
U030,P110,view,17-03-2025 01:03
U007,P109,purchase,06-03-2025 02:07
U003,P110,view,13-03-2025 13:34
U035,P101,add_to_cart,22-03-2025 02:47
U009,P107,add_to_cart,27-02-2025 23:40
U046,P108,view,26-02-2025 15:45
U004,P109,view,20-03-2025 09:47
U010,P108,view,24-02-2025 00:21
U017,P106,view,05-03-2025 10:38
U031,P110,view,23-02-2025 00:42
U005,P101,purchase,07-03-2025 04:49
U029,P104,view,19-03-2025 12:41
U025,P108,view,21-02-2025 17:54
U013,P107,view,21-03-2025 13:06
U047,P100,view,07-03-2025 04:31
U027,P111,view,11-03-2025 20:16
U041,P110,add_to_cart,20-03-2025 22:50
U026,P102,view,21-02-2025 04:22
U040,P110,purchase,10-03-2025 08:29
U019,P100,view,06-03-2025 21:49
U013,P107,view,08-03-2025 09:50
U004,P104,view,25-02-2025 21:35
U001,P105,add_to_cart,28-02-2025 09:57
U030,P105,view,01-03-2025 08:27
U008,P107,view,07-03-2025 00:51
U012,P103,add_to_cart,21-03-2025 10:27
U013,P111,view,02-03-2025 11:25
U028,P104,view,09-03-2025 07:48
U025,P111,view,26-02-2025 07:53
U042,P100,add_to_cart,05-03-2025 02:22
U042,P106,view,22-03-2025 13:11
U016,P111,add_to_cart,08-03-2025 08:55
U009,P111,view,15-03-2025 20:44
U020,P101,purchase,14-03-2025 12:45
U005,P109,add_to_cart,20-02-2025 15:15
U046,P110,add_to_cart,15-03-2025 01:20
U018,P101,view,19-03-2025 01:18
U043,P108,purchase,10-03-2025 14:41
U050,P103,purchase,28-02-2025 00:25
U035,P103,view,27-02-2025 17:51
U014,P104,view,24-02-2025 21:00
U010,P108,view,07-03-2025 21:09
U017,P103,view,07-03-2025 07:27
U011,P105,add_to_cart,14-03-2025 08:03
U010,P107,add_to_cart,20-02-2025 01:01
U031,P104,view,01-03-2025 10:13
U036,P111,add_to_cart,25-02-2025 05:50
U018,P109,add_to_cart,23-02-2025 00:10
U017,P103,add_to_cart,12-03-2025 04:44
U019,P107,view,28-02-2025 19:52
U002,P105,add_to_cart,14-03-2025 14:26
U041,P110,purchase,05-03-2025 07:20
U008,P106,view,01-03-2025 07:32
U040,P101,view,20-02-2025 06:46
U034,P103,view,22-02-2025 02:30
U036,P109,view,27-02-2025 06:28
U011,P105,view,20-02-2025 03:09
U048,P109,view,27-02-2025 11:00
U029,P102,view,26-02-2025 11:23
U045,P105,view,07-03-2025 05:19
U023,P106,purchase,21-02-2025 09:17
U019,P109,view,19-03-2025 21:53
U012,P100,view,04-03-2025 13:52
U013,P103,add_to_cart,04-03-2025 15:18
U023,P107,view,24-02-2025 06:06
U002,P103,view,01-03-2025 10:45
U024,P102,add_to_cart,21-02-2025 12:04
U047,P108,view,04-03-2025 06:08
U031,P106,view,06-03-2025 01:09
U032,P105,add_to_cart,20-02-2025 08:12
U019,P100,view,13-03-2025 11:44
U011,P101,add_to_cart,10-03-2025 08:56
U037,P107,add_to_cart,22-03-2025 18:07
U017,P111,view,21-02-2025 04:41
U025,P105,view,17-03-2025 15:03
U035,P102,view,12-03-2025 19:35
U010,P110,view,13-03-2025 17:17
U040,P108,view,03-03-2025 17:43
U049,P101,purchase,02-03-2025 07:41
U044,P100,add_to_cart,08-03-2025 03:06
U021,P108,view,27-02-2025 20:30
U044,P100,view,18-03-2025 10:39
U009,P110,view,10-03-2025 06:24
U047,P107,add_to_cart,05-03-2025 21:42
U001,P104,add_to_cart,08-03-2025 09:12
U018,P105,view,13-03-2025 03:45
U006,P107,view,17-03-2025 04:08
U038,P101,purchase,27-02-2025 23:13
U009,P105,view,11-03-2025 17:29
U050,P108,view,02-03-2025 09:28
U005,P108,view,20-02-2025 05:07
U048,P106,view,19-03-2025 12:23
U012,P110,view,13-03-2025 02:27
U012,P108,view,09-03-2025 20:17
U033,P110,purchase,19-03-2025 21:44
U014,P104,view,04-03-2025 18:00
U027,P104,view,02-03-2025 00:34
U042,P110,view,11-03-2025 13:40
U008,P111,view,26-02-2025 09:01
U048,P103,purchase,15-03-2025 21:53
U034,P111,view,08-03-2025 08:10
U040,P105,view,27-02-2025 01:18
U022,P106,add_to_cart,20-02-2025 02:46
U020,P111,view,26-02-2025 06:31
U046,P105,add_to_cart,01-03-2025 15:42
U019,P107,add_to_cart,18-03-2025 14:52
U033,P109,view,10-03-2025 21:16
U043,P107,view,08-03-2025 01:29
U006,P109,view,28-02-2025 00:09
U027,P110,add_to_cart,12-03-2025 11:08
U020,P111,add_to_cart,16-03-2025 01:27
U022,P109,add_to_cart,26-02-2025 05:12
U048,P107,add_to_cart,07-03-2025 09:34
U024,P102,view,15-03-2025 04:04
U050,P100,view,11-03-2025 18:10
U002,P100,view,11-03-2025 09:39
U045,P110,add_to_cart,18-03-2025 21:15
U020,P107,add_to_cart,26-02-2025 14:03
U026,P109,add_to_cart,14-03-2025 09:30
U016,P109,add_to_cart,12-03-2025 06:12
U019,P108,view,04-03-2025 02:34
U027,P110,view,01-03-2025 05:34
U013,P100,purchase,26-02-2025 14:35
U020,P104,purchase,22-02-2025 16:37
U012,P103,view,08-03-2025 15:20
U037,P101,view,02-03-2025 11:39
U001,P110,view,16-03-2025 00:22
U033,P101,purchase,05-03-2025 02:17
U046,P106,purchase,05-03-2025 14:29
U020,P108,view,22-03-2025 15:41
U003,P111,view,18-03-2025 19:47
U008,P104,view,01-03-2025 02:46
U004,P102,add_to_cart,14-03-2025 12:00
U016,P105,add_to_cart,24-02-2025 02:56
U034,P100,view,03-03-2025 20:04
U006,P111,purchase,05-03-2025 22:41
U014,P101,add_to_cart,22-02-2025 12:00
U001,P106,view,22-03-2025 06:04
U043,P106,view,04-03-2025 04:12
U043,P100,add_to_cart,04-03-2025 10:26
U030,P102,view,12-03-2025 01:11
U043,P106,purchase,28-02-2025 22:18
U011,P104,view,21-02-2025 10:47
U033,P102,view,06-03-2025 19:41
U011,P108,view,06-03-2025 21:12
U011,P105,view,05-03-2025 20:56
U047,P106,view,21-03-2025 09:08
U043,P102,add_to_cart,09-03-2025 12:27
U038,P105,purchase,26-02-2025 08:52
U042,P102,add_to_cart,24-02-2025 09:40
U038,P101,add_to_cart,11-03-2025 19:08
U029,P110,purchase,08-03-2025 07:31
U001,P108,add_to_cart,09-03-2025 22:54
U011,P102,view,07-03-2025 11:57
U042,P108,add_to_cart,19-03-2025 07:34
U002,P101,add_to_cart,07-03-2025 11:19
U027,P100,add_to_cart,13-03-2025 17:24
U040,P102,add_to_cart,18-03-2025 05:09
U019,P107,purchase,02-03-2025 03:50
U042,P111,add_to_cart,02-03-2025 18:38
U027,P101,purchase,07-03-2025 19:46
U045,P110,add_to_cart,16-03-2025 19:11
U028,P103,view,20-03-2025 16:40
U016,P105,purchase,20-03-2025 16:01
U037,P108,purchase,10-03-2025 08:23
U040,P102,view,08-03-2025 00:12
U034,P104,view,21-02-2025 02:35
U043,P105,view,20-02-2025 13:18
U034,P105,view,22-03-2025 13:09
U002,P110,add_to_cart,24-02-2025 11:14
U006,P100,view,20-03-2025 13:40
U030,P101,view,24-02-2025 18:52
U003,P102,view,27-02-2025 15:31
U038,P109,view,28-02-2025 13:27
U044,P104,add_to_cart,01-03-2025 01:21
U005,P109,view,15-03-2025 09:19
U037,P102,view,03-03-2025 22:37
U002,P109,add_to_cart,19-03-2025 04:28
U035,P111,view,09-03-2025 02:21
U040,P106,view,12-03-2025 21:30
U031,P105,add_to_cart,10-03-2025 16:33
U032,P104,view,11-03-2025 21:19
U032,P111,add_to_cart,27-02-2025 15:01
